"date";"dateno";"ntest";"pos"
2020-04-01;1;3521;282
2020-04-02;2;5721;382
2020-04-03;3;6565;473
2020-04-04;4;3665;312
2020-04-05;5;2169;158
2020-04-06;6;6481;424
2020-04-07;7;6296;347
2020-04-08;8;5553;301
2020-04-09;9;2486;140
2020-04-10;10;2273;142
2020-04-11;11;2164;140
2020-04-12;12;2083;157
2020-04-13;13;2075;156
2020-04-14;14;6079;258
2020-04-15;15;5506;199
2020-04-16;16;5210;178
2020-04-17;17;4682;168
2020-04-18;18;2211;106
2020-04-19;19;1804;114
2020-04-20;20;6527;215
2020-04-21;21;9642;202
2020-04-22;22;11446;229
2020-04-23;23;12311;232
2020-04-24;24;14656;165
2020-04-25;25;12330;136
2020-04-26;26;10210;121
2020-04-27;27;17177;219
2020-04-28;28;16118;136
2020-04-29;29;15905;140
2020-04-30;30;15791;149
2020-05-01;31;14322;152
2020-05-02;32;11070;117
2020-05-03;33;8906;78
2020-05-04;34;17670;124
2020-05-05;35;15862;123
2020-05-06;36;14364;107
2020-05-07;37;14249;123
2020-05-08;38;8272;69
2020-05-09;39;8177;66
2020-05-10;40;6628;60
2020-05-11;41;16277;79
2020-05-12;42;14654;58
2020-05-13;43;14578;71
2020-05-14;44;12883;64
2020-05-15;45;12526;91
2020-05-16;46;7650;35
2020-05-17;47;7041;50
2020-05-18;48;15108;82
2020-05-19;49;14782;63
2020-05-20;50;14289;72
2020-05-21;51;8426;31
2020-05-22;52;12203;73
2020-05-23;53;8740;36
2020-05-24;54;8605;36
2020-05-25;55;18166;52
2020-05-26;56;15879;63
2020-05-27;57;14665;52
2020-05-28;58;13019;39
2020-05-29;59;11664;46
2020-05-30;60;7112;33
2020-05-31;61;7566;22
2020-06-01;62;8663;36
2020-06-02;63;15423;56
2020-06-03;64;13264;53
2020-06-04;65;11762;41
2020-06-05;66;9587;35
2020-06-06;67;7907;15
2020-06-07;68;7709;14
2020-06-08;69;16741;46
2020-06-09;70;15583;28
2020-06-10;71;14879;40
2020-06-11;72;14539;49
2020-06-12;73;14792;60
2020-06-13;74;9972;27
2020-06-14;75;9007;22
2020-06-15;76;17619;40
2020-06-16;77;18120;46
2020-06-17;78;19135;76
2020-06-18;79;17434;46
2020-06-19;80;16908;44
2020-06-20;81;12058;38
2020-06-21;82;11351;33
2020-06-22;83;21344;46
2020-06-23;84;20813;19
2020-06-24;85;19993;45
2020-06-25;86;16745;32
2020-06-26;87;15658;23
2020-06-27;88;9437;19
2020-06-28;89;9412;11
2020-06-29;90;18635;30
2020-06-30;91;17814;24
2020-07-01;92;17517;12
2020-07-02;93;15290;15
2020-07-03;94;14253;18
2020-07-04;95;9620;13
2020-07-05;96;9704;11
2020-07-06;97;17758;9
2020-07-07;98;16443;13
2020-07-08;99;15794;26
2020-07-09;100;14286;41
2020-07-10;101;14122;34
2020-07-11;102;9604;24
2020-07-12;103;9093;22
2020-07-13;104;18197;33
2020-07-14;105;16664;34
2020-07-15;106;16262;42
2020-07-16;107;15098;52
2020-07-17;108;14220;32
2020-07-18;109;10630;43
2020-07-19;110;10892;28
2020-07-20;111;18134;32
2020-07-21;112;16611;37
2020-07-22;113;16561;35
2020-07-23;114;15720;54
2020-07-24;115;16028;37
2020-07-25;116;11679;27
2020-07-26;117;12761;24
2020-07-27;118;20641;64
2020-07-28;119;20295;78
2020-07-29;120;20111;65
2020-07-30;121;20442;84
2020-07-31;122;19823;58
2020-08-01;123;14267;64
2020-08-02;124;15655;78
2020-08-03;125;23748;118
2020-08-04;126;24841;122
2020-08-05;127;24710;118
2020-08-06;128;26711;174
2020-08-07;129;26943;143
2020-08-08;130;20695;90
2020-08-09;131;20844;130
2020-08-10;132;30816;155
2020-08-11;133;33401;136
2020-08-12;134;34592;161
2020-08-13;135;33660;116
2020-08-14;136;32399;112
2020-08-15;137;25134;127
2020-08-16;138;25491;90
2020-08-17;139;35417;96
2020-08-18;140;37761;114
2020-08-19;141;38915;87
2020-08-20;142;37846;87
2020-08-21;143;35554;88
2020-08-22;144;28465;89
2020-08-23;145;27419;75
2020-08-24;146;39126;75
2020-08-25;147;39610;83
2020-08-26;148;39875;80
2020-08-27;149;38444;71
2020-08-28;150;35253;109
2020-08-29;151;25060;89
2020-08-30;152;25147;104
2020-08-31;153;39438;121
2020-09-01;154;39079;201
2020-09-02;155;39833;159
2020-09-03;156;38619;194
2020-09-04;157;39930;205
2020-09-05;158;28813;198
2020-09-06;159;29566;224
2020-09-07;160;47640;297
2020-09-08;161;48125;329
2020-09-09;162;48616;294
2020-09-10;163;51861;371
2020-09-11;164;50305;348
2020-09-12;165;41530;302
2020-09-13;166;41648;296
2020-09-14;167;55484;383
2020-09-15;168;55897;439
2020-09-16;169;56323;559
2020-09-17;170;51747;517
2020-09-18;171;51186;477
2020-09-19;172;40157;421
2020-09-20;173;40714;411
2020-09-21;174;53861;538
2020-09-22;175;56252;592
2020-09-23;176;55259;654
2020-09-24;177;53511;607
2020-09-25;178;51201;488
2020-09-26;179;39697;394
2020-09-27;180;39308;357
2020-09-28;181;53611;484
2020-09-29;182;50417;451
2020-09-30;183;47559;438
2020-10-01;184;44140;433
2020-10-02;185;42748;368
2020-10-03;186;33696;339
2020-10-04;187;33651;313
2020-10-05;188;52246;433
2020-10-06;189;53203;431
2020-10-07;190;50012;452
2020-10-08;191;47682;425
2020-10-09;192;39347;414
2020-10-10;193;27223;286
2020-10-11;194;26523;256
2020-10-12;195;40237;467
2020-10-13;196;35883;436
2020-10-14;197;35726;480
2020-10-15;198;35091;458
2020-10-16;199;34382;477
2020-10-17;200;26876;433
2020-10-18;201;29984;457
2020-10-19;202;47853;705
2020-10-20;203;44221;792
2020-10-21;204;47037;864
2020-10-22;205;49108;880
2020-10-23;206;50154;866
2020-10-24;207;45452;823
2020-10-25;208;51518;926
2020-10-26;209;65589;1019
2020-10-27;210;72869;1259
2020-10-28;211;69876;1220
2020-10-29;212;67475;1023
2020-10-30;213;63517;1095
2020-10-31;214;50774;985
2020-11-01;215;51384;963
2020-11-02;216;69791;1283
2020-11-03;217;73040;1267
2020-11-04;218;70921;1253
2020-11-05;219;70699;1042
2020-11-06;220;68749;971
2020-11-07;221;58518;848
2020-11-08;222;57632;758
2020-11-09;223;80513;1063
2020-11-10;224;79962;1080
2020-11-11;225;75359;1106
2020-11-12;226;73416;1067
2020-11-13;227;71135;1158
2020-11-14;228;55490;1056
2020-11-15;229;54668;1006
2020-11-16;230;78430;1263
2020-11-17;231;81597;1338
2020-11-18;232;79073;1350
2020-11-19;233;74540;1236
2020-11-20;234;71742;1257
2020-11-21;235;57111;1009
2020-11-22;236;60359;1014
2020-11-23;237;76513;1196
2020-11-24;238;82796;1339
2020-11-25;239;79339;1320
2020-11-26;240;79445;1275
2020-11-27;241;71363;1321
2020-11-28;242;55970;1160
2020-11-29;243;57425;1177
2020-11-30;244;79750;1553
2020-12-01;245;81585;1724
2020-12-02;246;83860;1890
2020-12-03;247;87338;1925
2020-12-04;248;80898;2036
2020-12-05;249;62699;1722
2020-12-06;250;68449;1985
2020-12-07;251;97195;2765
2020-12-08;252;109307;3138
2020-12-09;253;108426;3202
2020-12-10;254;108405;3305
2020-12-11;255;101143;3314
2020-12-12;256;84639;3098
2020-12-13;257;85879;3172
2020-12-14;258;121146;4007
2020-12-15;259;132755;4316
2020-12-16;260;134799;4408
2020-12-17;261;132252;3635
2020-12-18;262;128705;3151
2020-12-19;263;113899;2765
2020-12-20;264;119698;2465
2020-12-21;265;166227;3115
2020-12-22;266;161408;2893
2020-12-23;267;118640;3097
2020-12-24;268;38016;1488
2020-12-25;269;38567;1608
2020-12-26;270;61547;2697
2020-12-27;271;65970;2196
2020-12-28;272;110383;3094
2020-12-29;273;115921;2500
2020-12-30;274;109238;2787
2020-12-31;275;33680;1238
2021-01-01;276;31343;1214
2021-01-02;277;72017;2064
2021-01-03;278;64377;1682
2021-01-04;279;105290;2484
2021-01-05;280;103439;1938
2021-01-06;281;95108;1667
2021-01-07;282;84622;1593
2021-01-08;283;74906;1438
2021-01-09;284;52306;1206
2021-01-10;285;47676;999
2021-01-11;286;80712;1364
2021-01-12;287;84234;1264
2021-01-13;288;77067;1124
2021-01-14;289;104729;1016
2021-01-15;290;99112;858
2021-01-16;291;76145;725
2021-01-17;292;74047;678
2021-01-18;293;109098;937
2021-01-19;294;122518;920
2021-01-20;295;114318;781
2021-01-21;296;124001;864
2021-01-22;297;111020;718
2021-01-23;298;80398;594
2021-01-24;299;78571;517
2021-01-25;300;123978;725
2021-01-26;301;121055;688
2021-01-27;302;115202;536
2021-01-28;303;135506;511
2021-01-29;304;115612;406
2021-01-30;305;81573;364
2021-01-31;306;75997;388
2021-02-01;307;124836;507
2021-02-02;308;116481;488
2021-02-03;309;112445;432
2021-02-04;310;144585;443
2021-02-05;311;129842;410
2021-02-06;312;89451;432
2021-02-07;313;77275;389
2021-02-08;314;125148;445
2021-02-09;315;115513;460
2021-02-10;316;119869;447
2021-02-11;317;148825;376
2021-02-12;318;128359;316
2021-02-13;319;88178;335
2021-02-14;320;83135;341
2021-02-15;321;126871;403
2021-02-16;322;121091;522
2021-02-17;323;120944;512
2021-02-18;324;149217;546
2021-02-19;325;125579;459
2021-02-20;326;95357;434
2021-02-21;327;94736;475
2021-02-22;328;144246;593
2021-02-23;329;135446;604
2021-02-24;330;132055;541
2021-02-25;331;163448;545
2021-02-26;332;148906;500
2021-02-27;333;117072;429
2021-02-28;334;114895;477
2021-03-01;335;163379;598
2021-03-02;336;155988;601
2021-03-03;337;151787;554
2021-03-04;338;180801;489
2021-03-05;339;150623;470
2021-03-06;340;112303;452
2021-03-07;341;118230;457
2021-03-08;342;164382;602
2021-03-09;343;150188;640
2021-03-10;344;148571;552
2021-03-11;345;179980;583
2021-03-12;346;156029;486
2021-03-13;347;126860;465
2021-03-14;348;130395;488
2021-03-15;349;180984;642
2021-03-16;350;173266;743
2021-03-17;351;161899;674
2021-03-18;352;186748;654
2021-03-19;353;159511;648
2021-03-20;354;126174;584
2021-03-21;355;131104;564
2021-03-22;356;180149;786
2021-03-23;357;174123;814
2021-03-24;358;167345;786
2021-03-25;359;184488;643
2021-03-26;360;169204;711
2021-03-27;361;116400;675
2021-03-28;362;119594;613
2021-03-29;363;180191;775
2021-03-30;364;187317;680
2021-03-31;365;187604;693
2021-04-01;366;134354;713
2021-04-02;367;109610;551
2021-04-03;368;124124;527
2021-04-04;369;160155;463
2021-04-05;370;172991;558
2021-04-06;371;199624;705
2021-04-07;372;169859;722
2021-04-08;373;184826;725
2021-04-09;374;166139;726
2021-04-10;375;145900;552
2021-04-11;376;148564;538
2021-04-12;377;195992;768
2021-04-13;378;183317;744
2021-04-14;379;175599;729
2021-04-15;380;192758;733
2021-04-16;381;161376;707
2021-04-17;382;137360;657
2021-04-18;383;146686;715
2021-04-19;384;192046;873
2021-04-20;385;181724;845
2021-04-21;386;180646;697
2021-04-22;387;215336;638
2021-04-23;388;174078;626
2021-04-24;389;135083;567
2021-04-25;390;148009;600
2021-04-26;391;186346;775
2021-04-27;392;172690;896
2021-04-28;393;178875;811
2021-04-29;394;218192;806
2021-04-30;395;131780;761
2021-05-01;396;126833;694
2021-05-02;397;147057;714
2021-05-03;398;183623;1022
2021-05-04;399;171456;972
2021-05-05;400;189773;1060
2021-05-06;401;226155;884
2021-05-07;402;193619;900
2021-05-08;403;140620;849
2021-05-09;404;158169;799
2021-05-10;405;202573;1135
2021-05-11;406;190875;1296
2021-05-12;407;214479;1156
2021-05-13;408;173644;903
2021-05-14;409;162527;872
2021-05-15;410;135466;942
2021-05-16;411;163925;922
2021-05-17;412;196530;1147
2021-05-18;413;173310;1160
2021-05-19;414;170564;1131
2021-05-20;415;207700;1017
2021-05-21;416;179912;824
2021-05-22;417;109783;788
2021-05-23;418;130186;801
2021-05-24;419;144410;864
2021-05-25;420;165987;1095
2021-05-26;421;147378;1192
2021-05-27;422;194990;997
2021-05-28;423;148625;921
2021-05-29;424;91899;811
2021-05-30;425;120120;818
2021-05-31;426;145119;1012
2021-06-01;427;125322;1104
2021-06-02;428;135600;924
2021-06-03;429;184289;754
2021-06-04;430;138131;704
2021-06-05;431;76624;623
2021-06-06;432;106681;541
2021-06-07;433;123420;622
2021-06-08;434;103088;511
2021-06-09;435;106230;476
2021-06-10;436;150001;418
2021-06-11;437;102716;312
2021-06-12;438;56204;245
2021-06-13;439;78621;227
2021-06-14;440;91843;312
2021-06-15;441;84460;305
2021-06-16;442;87296;286
2021-06-17;443;110543;216
2021-06-18;444;80147;200
2021-06-19;445;49454;172
2021-06-20;446;71468;158
2021-06-21;447;74891;193
2021-06-22;448;68401;179
2021-06-23;449;73302;203
2021-06-24;450;112410;218
2021-06-25;451;83789;194
2021-06-26;452;50275;144
2021-06-27;453;61772;184
2021-06-28;454;75211;288
2021-06-29;455;72555;396
2021-06-30;456;85850;473
2021-07-01;457;126876;389
2021-07-02;458;105871;370
2021-07-03;459;65550;354
2021-07-04;460;76635;404
2021-07-05;461;89563;674
2021-07-06;462;84125;653
2021-07-07;463;88020;615
2021-07-08;464;114108;541
2021-07-09;465;104284;563
2021-07-10;466;71241;649
2021-07-11;467;73080;919
2021-07-12;468;81609;1107
2021-07-13;469;76487;1199
2021-07-14;470;82549;1188
2021-07-15;471;104514;1033
2021-07-16;472;95251;804
2021-07-17;473;69892;776
2021-07-18;474;73636;711
2021-07-19;475;77972;854
2021-07-20;476;67221;807
2021-07-21;477;68275;798
2021-07-22;478;78886;701
2021-07-23;479;72177;730
2021-07-24;480;50420;631
2021-07-25;481;58900;768
2021-07-26;482;64245;1024
2021-07-27;483;55268;964
2021-07-28;484;60590;975
2021-07-29;485;69971;881
2021-07-30;486;66680;838
2021-07-31;487;51094;744
2021-08-01;488;53085;825
2021-08-02;489;54214;906
2021-08-03;490;47247;871
2021-08-04;491;52059;921
2021-08-05;492;63387;931
2021-08-06;493;67890;916
2021-08-07;494;55128;834
2021-08-08;495;58219;972
2021-08-09;496;56649;1082
2021-08-10;497;50130;1066
2021-08-11;498;51538;989
2021-08-12;499;66452;1001
2021-08-13;500;63551;963
2021-08-14;501;42944;821
2021-08-15;502;56044;936
2021-08-16;503;64717;1101
2021-08-17;504;63021;1029
2021-08-18;505;65966;973
2021-08-19;506;79278;1016
2021-08-20;507;70946;988
2021-08-21;508;45750;763
2021-08-22;509;58424;984
2021-08-23;510;74781;1041
2021-08-24;511;69488;1014
2021-08-25;512;76258;949
2021-08-26;513;84663;1017
2021-08-27;514;72147;739
2021-08-28;515;44949;671
2021-08-29;516;54663;775
2021-08-30;517;65887;908
2021-08-31;518;61429;811
2021-09-01;519;57300;719
2021-09-02;520;65778;588
2021-09-03;521;52129;539
2021-09-04;522;32264;419
2021-09-05;523;41316;471
2021-09-06;524;55856;589
2021-09-07;525;48899;612
2021-09-08;526;46042;499
2021-09-09;527;51841;492
2021-09-10;528;43008;384
2021-09-11;529;27044;308
2021-09-12;530;32842;328
2021-09-13;531;43413;408
2021-09-14;532;38890;345
2021-09-15;533;37807;317
2021-09-16;534;44439;311
2021-09-17;535;34575;313
2021-09-18;536;21850;207
2021-09-19;537;27440;272
2021-09-20;538;38720;382
2021-09-21;539;35195;348
2021-09-22;540;35618;370
2021-09-23;541;39191;376
2021-09-24;542;32646;355
2021-09-25;543;20298;337
2021-09-26;544;26961;357
2021-09-27;545;37729;487
2021-09-28;546;35449;538
2021-09-29;547;35977;413
2021-09-30;548;39915;444
2021-10-01;549;32172;397
2021-10-02;550;21404;325
2021-10-03;551;27877;409
2021-10-04;552;39212;570
2021-10-05;553;36665;561
2021-10-06;554;35589;635
2021-10-07;555;43495;659
2021-10-08;556;36624;608
2021-10-09;557;25890;470
2021-10-10;558;34883;555
2021-10-11;559;50847;752
2021-10-12;560;50350;762
2021-10-13;561;52377;751
2021-10-14;562;65748;774
2021-10-15;563;53291;657
2021-10-16;564;37259;604
2021-10-17;565;38228;718
2021-10-18;566;50734;967
2021-10-19;567;52030;1124
2021-10-20;568;66722;1289
2021-10-21;569;85692;1403
2021-10-22;570;66495;1246
2021-10-23;571;51722;1201
2021-10-24;572;67517;1443
2021-10-25;573;82169;1624
2021-10-26;574;81594;1909
2021-10-27;575;83857;1829
2021-10-28;576;104870;1775
2021-10-29;577;92775;1621
2021-10-30;578;65957;1408
2021-10-31;579;80417;1710
2021-11-01;580;113733;2219
2021-11-02;581;112877;2328
2021-11-03;582;107685;2311
2021-11-04;583;136373;2350
2021-11-05;584;120772;2222
2021-11-06;585;83781;1963
2021-11-07;586;106691;2583
2021-11-08;587;142316;3327
2021-11-09;588;158820;3542
2021-11-10;589;147108;3502
2021-11-11;590;179460;3430
2021-11-12;591;145955;2964
2021-11-13;592;108647;2883
2021-11-14;593;119917;3054
2021-11-15;594;160405;4490
2021-11-16;595;159864;4098
2021-11-17;596;154435;3917
2021-11-18;597;183648;4149
2021-11-19;598;164434;4081
2021-11-20;599;123441;3691
2021-11-21;600;131706;3660
2021-11-22;601;169291;4472
2021-11-23;602;173072;4667
2021-11-24;603;169277;3983
2021-11-25;604;200679;4060
2021-11-26;605;169280;4114
2021-11-27;606;126347;3813
2021-11-28;607;138927;3849
2021-11-29;608;183518;5049
2021-11-30;609;183721;5370
2021-12-01;610;172556;4491
2021-12-02;611;198230;4532
2021-12-03;612;175402;5127
2021-12-04;613;131463;5058
2021-12-05;614;137404;4766
2021-12-06;615;194500;7031
2021-12-07;616;193828;7223
2021-12-08;617;190502;6595
2021-12-09;618;225455;6556
2021-12-10;619;196272;6833
2021-12-11;620;143741;6604
2021-12-12;621;153768;7015
2021-12-13;622;212946;10347
2021-12-14;623;205488;11124
2021-12-15;624;200320;10822
2021-12-16;625;234574;10224
2021-12-17;626;215844;10664
2021-12-18;627;161398;10098
2021-12-19;628;166586;10276
2021-12-20;629;245878;13367
2021-12-21;630;235103;13104
2021-12-22;631;246626;11679
2021-12-23;632;222809;12709
2021-12-24;633;64833;7112
2021-12-25;634;65044;7919
2021-12-26;635;72822;11065
2021-12-27;636;167026;22760
2021-12-28;637;175454;22099
2021-12-29;638;195166;17379
2021-12-30;639;205516;19363
2021-12-31;640;64835;9801
2022-01-01;641;66967;8691
2022-01-02;642;138342;20013
2022-01-03;643;198081;25787
2022-01-04;644;183825;23845
2022-01-05;645;164666;17690
2022-01-06;646;188985;15518
2022-01-07;647;165082;14552
2022-01-08;648;121032;13623
2022-01-09;649;133605;16406
2022-01-10;650;187976;23408
2022-01-11;651;175116;22778
2022-01-12;652;167343;22719
2022-01-13;653;200331;23895
2022-01-14;654;184393;26027
2022-01-15;655;139817;25274
2022-01-16;656;154366;28282
2022-01-17;657;221538;41681
2022-01-18;658;212600;40474
2022-01-19;659;201583;37790
2022-01-20;660;226755;37590
2022-01-21;661;204710;37624
2022-01-22;662;155052;34812
2022-01-23;663;164131;38129
2022-01-24;664;233005;53893
2022-01-25;665;205718;48886
2022-01-26;666;180435;41942
2022-01-27;667;186975;39235
2022-01-28;668;156313;36114
2022-01-29;669;103199;28398
2022-01-30;670;107227;33152
2022-01-31;671;183729;53466
2022-02-01;672;148381;43732
2022-02-02;673;137650;38381
2022-02-03;674;154397;37696
2022-02-04;675;132331;35420
2022-02-05;676;102851;31974
2022-02-06;677;119792;40011
2022-02-07;678;162572;54216
2022-02-08;679;150083;52356
2022-02-09;680;143377;47281
2022-02-10;681;148184;42543
2022-02-11;682;123504;36889
2022-02-12;683;88388;31021
2022-02-13;684;93437;33864
2022-02-14;685;125115;42942
2022-02-15;686;112016;39850
2022-02-16;687;102089;34048
2022-02-17;688;108435;32312
2022-02-18;689;84650;25370
2022-02-19;690;66174;23701
2022-02-20;691;77800;28169
2022-02-21;692;100505;31425
2022-02-22;693;79159;25902
2022-02-23;694;72859;22115
2022-02-24;695;75047;19551
2022-02-25;696;57964;15763
2022-02-26;697;39825;13146
2022-02-27;698;47810;16004
2022-02-28;699;69034;20333
2022-03-01;700;56754;17338
2022-03-02;701;54231;16388
2022-03-03;702;56814;14945
2022-03-04;703;44288;12773
2022-03-05;704;32114;10462
2022-03-06;705;38572;12670
2022-03-07;706;56571;15689
2022-03-08;707;50766;14879
2022-03-09;708;47081;13357
2022-03-10;709;47342;11347
2022-03-11;710;30066;7372
2022-03-12;711;20170;6030
2022-03-13;712;24400;7567
2022-03-14;713;37030;9550
